model,mean_auc_roc,std_auc_roc,auc_roc_fold_1,auc_roc_fold_2,auc_roc_fold_3,auc_roc_fold_4,auc_roc_fold_5,mean_accuracy,std_accuracy,accuracy_fold_1,accuracy_fold_2,accuracy_fold_3,accuracy_fold_4,accuracy_fold_5,mean_f1,std_f1,f1_fold_1,f1_fold_2,f1_fold_3,f1_fold_4,f1_fold_5,mean_precision,std_precision,precision_fold_1,precision_fold_2,precision_fold_3,precision_fold_4,precision_fold_5,mean_recall,std_recall,recall_fold_1,recall_fold_2,recall_fold_3,recall_fold_4,recall_fold_5
LogisticRegression,0.770422,0.028817,0.742586,0.728899,0.795625,0.797143,0.787857,0.73125,0.012655,0.7375,0.709375,0.740625,0.725,0.74375,0.82684,0.009066,0.833992,0.811359,0.831643,0.821862,0.835341,0.949268,0.008534,0.937778,0.943396,0.962441,0.948598,0.954128,0.732527,0.013658,0.75089,0.711744,0.732143,0.725,0.742857
XGBoost,0.787109,0.02868,0.755817,0.7633,0.779732,0.835089,0.801607,0.8925,0.01057,0.875,0.896875,0.8875,0.90625,0.896875,0.940014,0.006044,0.929825,0.943005,0.9375,0.947735,0.942004,0.919546,0.005751,0.916955,0.916107,0.912162,0.92517,0.927336,0.96149,0.010639,0.94306,0.97153,0.964286,0.971429,0.957143
LightGBM,0.787169,0.02945,0.746966,0.765307,0.783571,0.826071,0.813929,0.889375,0.004677,0.88125,0.8875,0.89375,0.89375,0.890625,0.939108,0.002675,0.934483,0.938144,0.941581,0.941781,0.939551,0.906984,0.001644,0.906355,0.906977,0.907285,0.904605,0.909699,0.973617,0.006182,0.964413,0.97153,0.978571,0.982143,0.971429
CatBoost,0.781169,0.031667,0.733096,0.754357,0.797411,0.811161,0.809821,0.89,0.009561,0.875,0.884375,0.890625,0.9,0.9,0.938849,0.005287,0.930314,0.936317,0.938918,0.944251,0.944444,0.915341,0.005542,0.911263,0.906667,0.918089,0.921769,0.918919,0.96363,0.007576,0.950178,0.967972,0.960714,0.967857,0.971429
Stacking,0.790855,0.029671,0.750342,0.763665,0.796161,0.826875,0.817232,0.83625,0.009396,0.81875,0.834375,0.840625,0.84375,0.84375,0.901824,0.00512,0.892193,0.900935,0.904673,0.90566,0.90566,0.950338,0.009618,0.933852,0.948819,0.94902,0.96,0.96,0.858063,0.003357,0.854093,0.857651,0.864286,0.857143,0.857143
