model,mean_auc_roc,std_auc_roc,mean_accuracy,std_accuracy,mean_f1,std_f1,mean_precision,std_precision,mean_recall,std_recall
LogReg_Baseline,0.770422,0.028817,0.73125,0.012655,0.82684,0.009066,0.949268,0.008534,0.732527,0.013658
LogReg_Tuned,0.795074,0.038094,0.720156,0.010897,0.818451,0.006945,0.948877,0.011395,0.719608,0.007276
Delta (Tuned - Baseline),0.024652,,-0.011094,,-0.008389,,-0.000391,,-0.012919,
